{
  "関東": {
    "東京都": [
      "千代田区",
      "中央区",
      "港区",
      "新宿区",
      "文京区",
      "台東区",
      "墨田区",
      "江東区",
      "品川区",
      "目黒区",
      "大田区",
      "世田谷区",
      "渋谷区",
      "中野区",
      "杉並区",
      "豊島区",
      "北区",
      "荒川区",
      "板橋区",
      "練馬区",
      "足立区",
      "葛飾区",
      "江戸川区",
      "八王子市",
      "立川市",
      "武蔵野市",
      "三鷹市",
      "青梅市",
      "府中市",
      "昭島市",
      "調布市",
      "町田市",
      "小金井市",
      "小平市",
      "日野市",
      "東村山市",
      "国分寺市",
      "国立市",
      "福生市",
      "狛江市",
      "東大和市",
      "清瀬市",
      "東久留米市",
      "武蔵村山市",
      "多摩市",
      "稲城市",
      "羽村市",
      "あきる野市",
      "西東京市"
    ],
    "神奈川県": [
      "横浜市鶴見区",
      "横浜市神奈川区",
      "横浜市西区",
      "横浜市中区",
      "横浜市南区",
      "横浜市保土ケ谷区",
      "横浜市磯子区",
      "横浜市金沢区",
      "横浜市港北区",
      "横浜市戸塚区",
      "横浜市港南区",
      "横浜市旭区",
      "横浜市緑区",
      "横浜市瀬谷区",
      "横浜市栄区",
      "横浜市泉区",
      "横浜市青葉区",
      "横浜市都筑区",
      "川崎市川崎区",
      "川崎市幸区",
      "川崎市中原区",
      "川崎市高津区",
      "川崎市多摩区",
      "川崎市宮前区",
      "川崎市麻生区",
      "相模原市",
      "横須賀市",
      "平塚市",
      "鎌倉市",
      "藤沢市",
      "小田原市",
      "茅ヶ崎市",
      "逗子市",
      "三浦市",
      "秦野市",
      "厚木市",
      "大和市",
      "伊勢原市",
      "海老名市",
      "座間市",
      "南足柄市",
      "綾瀬市"
    ],
    "埼玉県": [
      "さいたま市西区",
      "さいたま市北区",
      "さいたま市大宮区",
      "さいたま市見沼区",
      "さいたま市中央区",
      "さいたま市桜区",
      "さいたま市浦和区",
      "さいたま市南区",
      "さいたま市緑区",
      "さいたま市岩槻区",
      "川越市",
      "熊谷市",
      "川口市",
      "行田市",
      "秩父市",
      "所沢市",
      "飯能市",
      "加須市",
      "本庄市",
      "東松山市",
      "春日部市",
      "狭山市",
      "羽生市",
      "鴻巣市",
      "深谷市",
      "上尾市",
      "草加市",
      "越谷市",
      "蕨市",
      "戸田市",
      "入間市",
      "朝霞市",
      "志木市",
      "和光市",
      "新座市",
      "桶川市",
      "久喜市",
      "北本市",
      "八潮市",
      "富士見市",
      "三郷市",
      "蓮田市",
      "坂戸市",
      "幸手市",
      "鶴ヶ島市",
      "日高市",
      "吉川市",
      "ふじみ野市",
      "白岡市"
    ],
    "千葉県": [
      "千葉市中央区",
      "千葉市花見川区",
      "千葉市稲毛区",
      "千葉市若葉区",
      "千葉市緑区",
      "千葉市美浜区",
      "銚子市",
      "市川市",
      "船橋市",
      "館山市",
      "木更津市",
      "松戸市",
      "野田市",
      "茂原市",
      "成田市",
      "佐倉市",
      "東金市",
      "旭市",
      "習志野市",
      "柏市",
      "勝浦市",
      "市原市",
      "流山市",
      "八千代市",
      "我孫子市",
      "鴨川市",
      "鎌ケ谷市",
      "君津市",
      "富津市",
      "浦安市",
      "四街道市",
      "袖ケ浦市",
      "八街市",
      "印西市",
      "白井市",
      "富里市",
      "南房総市",
      "匝瑳市",
      "香取市",
      "山武市",
      "いすみ市",
      "大網白里市"
    ]
  },
  "関西": {
    "大阪府": [
      "大阪市都島区",
      "大阪市福島区",
      "大阪市此花区",
      "大阪市西区",
      "大阪市港区",
      "大阪市大正区",
      "大阪市天王寺区",
      "大阪市浪速区",
      "大阪市西淀川区",
      "大阪市東淀川区",
      "大阪市東成区",
      "大阪市生野区",
      "大阪市旭区",
      "大阪市城東区",
      "大阪市阿倍野区",
      "大阪市住吉区",
      "大阪市東住吉区",
      "大阪市西成区",
      "大阪市淀川区",
      "大阪市鶴見区",
      "大阪市住之江区",
      "大阪市平野区",
      "大阪市北区",
      "大阪市中央区",
      "堺市",
      "豊中市",
      "吹田市",
      "高槻市",
      "枚方市",
      "茨木市",
      "八尾市",
      "寝屋川市",
      "東大阪市"
    ],
    "京都府": [
      "京都市北区",
      "京都市上京区",
      "京都市左京区",
      "京都市中京区",
      "京都市東山区",
      "京都市下京区",
      "京都市南区",
      "京都市右京区",
      "京都市伏見区",
      "京都市山科区",
      "京都市西京区",
      "宇治市",
      "亀岡市",
      "長岡京市"
    ],
    "兵庫県": [
      "神戸市東灘区",
      "神戸市灘区",
      "神戸市兵庫区",
      "神戸市長田区",
      "神戸市須磨区",
      "神戸市垂水区",
      "神戸市北区",
      "神戸市中央区",
      "神戸市西区",
      "姫路市",
      "尼崎市",
      "明石市",
      "西宮市",
      "芦屋市",
      "伊丹市",
      "加古川市",
      "宝塚市"
    ]
  },
  "中部": {
    "愛知県": [
      "名古屋市千種区",
      "名古屋市東区",
      "名古屋市北区",
      "名古屋市西区",
      "名古屋市中村区",
      "名古屋市中区",
      "名古屋市昭和区",
      "名古屋市瑞穂区",
      "名古屋市熱田区",
      "名古屋市中川区",
      "名古屋市港区",
      "名古屋市南区",
      "名古屋市守山区",
      "名古屋市緑区",
      "名古屋市名東区",
      "名古屋市天白区",
      "豊橋市",
      "岡崎市",
      "一宮市",
      "豊田市",
      "春日井市"
    ],
    "静岡県": [
      "静岡市葵区",
      "静岡市駿河区",
      "静岡市清水区",
      "浜松市中区",
      "浜松市東区",
      "浜松市西区",
      "浜松市南区",
      "浜松市北区",
      "浜松市浜北区",
      "浜松市天竜区",
      "沼津市",
      "熱海市",
      "三島市",
      "富士宮市",
      "伊東市",
      "富士市",
      "磐田市",
      "焼津市",
      "掛川市",
      "藤枝市"
    ]
  },
  "北海道・東北": {
    "北海道": [
      "札幌市中央区",
      "札幌市北区",
      "札幌市東区",
      "札幌市白石区",
      "札幌市豊平区",
      "札幌市南区",
      "札幌市西区",
      "札幌市厚別区",
      "札幌市手稲区",
      "札幌市清田区",
      "函館市",
      "小樽市",
      "旭川市"
    ],
    "宮城県": [
      "仙台市青葉区",
      "仙台市宮城野区",
      "仙台市若林区",
      "仙台市太白区",
      "仙台市泉区",
      "石巻市"
    ]
  },
  "九州": {
    "福岡県": [
      "福岡市東区",
      "福岡市博多区",
      "福岡市中央区",
      "福岡市南区",
      "福岡市西区",
      "福岡市城南区",
      "福岡市早良区",
      "北九州市",
      "久留米市"
    ],
    "沖縄県": [
      "那覇市",
      "宜野湾市",
      "石垣市",
      "浦添市",
      "名護市",
      "糸満市",
      "沖縄市",
      "豊見城市",
      "うるま市",
      "宮古島市",
      "南城市"
    ]
  }
}